Date,Open,High,Low,Close,Adj Close,Volume
17/6/13,18.450001,18.530001,17.959999,18.09,16.931673,24946300
18/6/13,17.950001,18.08,17.620001,17.83,16.688322,31790400
19/6/13,17.889999,17.950001,17.15,17.200001,16.098663,39085200
20/6/13,16.9,17.27,16.5,16.889999,15.808511,63934700
21/6/13,16.93,16.93,16.4,16.41,15.359246,42577100
24/6/13,15.97,16.25,15.57,15.91,14.891262,40535500
25/6/13,16.1,16.389999,15.87,16.1,15.069098,32074100
26/6/13,16.139999,16.440001,16.08,16.15,15.115895,29858400
27/6/13,16.219999,16.6,16.17,16.379999,15.331167,26451400
28/6/13,16.35,16.35,15.94,16.17,15.134615,33968700
1/7/13,16.35,16.35,15.94,16.120001,15.087817,22732600
2/7/13,16.049999,16.25,15.11,15.39,14.404559,55953200
3/7/13,15.24,15.98,15.15,15.9,14.881902,50191800
4/7/13,16.1,16.17,15.88,15.96,14.938061,23818500
5/7/13,15.81,15.82,14.94,15.15,14.179926,49067400
8/7/13,15.2,15.35,14.97,15,14.039531,22430900
10/7/13,15.18,15.44,15.06,15.25,14.273523,20890800
11/7/13,15.52,15.83,15.25,15.76,14.750867,34049700
12/7/13,15.66,15.92,15.27,15.43,14.441998,23796600
15/7/13,15.45,15.69,15.35,15.5,14.507515,20392700
16/7/13,15.64,15.8,15.47,15.75,14.741508,21047000
17/7/13,15.91,16.200001,15.87,16.059999,15.031658,29311200
18/7/13,16,16.290001,15.91,16.1,15.069098,23440300
19/7/13,16.07,16.1,15.85,15.98,14.95678,18711400
22/7/13,15.97,16.49,15.9,16.299999,15.25629,25517000
23/7/13,16.41,16.66,16.379999,16.41,15.359246,25271000
24/7/13,16.370001,16.549999,16.15,16.389999,15.340527,24012400
25/7/13,16.24,16.879999,16.209999,16.84,15.761713,37212500
29/7/13,16.99,17.059999,16.629999,16.68,15.611959,17729600
30/7/13,16.780001,16.82,16.360001,16.459999,15.406044,22635200
31/7/13,16.33,16.5,16.17,16.290001,15.246931,23703200
1/8/13,16.700001,17.040001,16.6,16.940001,15.855311,31759700
2/8/13,16.870001,17.040001,16.690001,16.809999,15.733634,17726400
5/8/13,16.77,16.870001,16.540001,16.65,15.583879,15018300
6/8/13,16.68,16.700001,16.1,16.280001,15.237571,25592100
7/8/13,16.27,16.459999,16.1,16.25,15.209492,17681900
8/8/13,16.35,16.85,16.200001,16.65,15.583879,25830400
9/8/13,16.74,17.120001,16.52,17.08,15.986345,31884100
12/8/13,17.299999,17.66,16.469999,16.6,15.537082,54624200
13/8/13,16.65,16.66,16.17,16.370001,15.321808,34946200
14/8/13,16.360001,17,16.290001,16.950001,15.86467,53853000
15/8/13,16.700001,17.959999,16.67,17.83,16.688322,81143700
16/8/13,17.76,18.059999,17.42,17.780001,16.641525,37711200
19/8/13,17.450001,18.030001,17.360001,17.83,16.688322,49861800
20/8/13,17.709999,17.85,17.110001,17.129999,16.033144,30368900
21/8/13,17.07,17.780001,17.040001,17.34,16.229698,43315900
22/8/13,17.799999,18.370001,17.629999,18.26,17.090788,52679300
23/8/13,18.120001,18.59,18.120001,18.549999,17.362219,32500500
26/8/13,18.5,18.690001,18.17,18.190001,17.025272,17906800
27/8/13,17.950001,18.049999,17.450001,17.450001,16.332655,29023800
28/8/13,17.51,17.75,17.09,17.16,16.061224,30051100
29/8/13,17.32,17.48,16.85,16.9,15.817872,24162000
30/8/13,17.32,17.48,16.52,16.99,15.902107,38933500
2/9/13,17.15,17.23,16.860001,16.9,15.817872,19051300
3/9/13,16.889999,17.129999,16.68,16.780001,15.705556,31474500
4/9/13,16.629999,16.940001,16.559999,16.85,15.771073,36993600
5/9/13,16.860001,17.809999,16.84,17.540001,16.416893,47992900
6/9/13,17.799999,18,17.459999,17.76,16.622805,30863700
9/9/13,17.77,18.219999,17.77,18.17,17.006552,29932300
10/9/13,18.25,18.540001,18.17,18.34,17.165667,29063300
11/9/13,18.290001,18.540001,18.07,18.25,17.081429,27324600
12/9/13,18.17,18.4,17.75,17.85,16.707043,47880700
13/9/13,17.85,18.27,17.799999,18.129999,16.969112,18359900
16/9/13,18.43,18.719999,18.17,18.450001,17.268625,33961100
17/9/13,18.59,18.6,18.299999,18.530001,17.343502,18948400
18/9/13,18.41,19,18.16,18.9,17.68981,30957700
19/9/13,18.959999,19.309999,18.76,19.16,17.933161,24470200
20/9/13,19.09,19.18,18.780001,18.940001,17.727249,18955300
23/9/13,19.09,19.219999,18.780001,19.15,17.923801,13990200
24/9/13,19.09,19.219999,18.75,18.77,17.568134,18969200
25/9/13,18.73,18.92,18.620001,18.799999,17.59621,17152400
26/9/13,18.82,18.82,18.52,18.59,17.399658,18168900
27/9/13,18.57,18.82,18.440001,18.48,17.296701,19065700
30/9/13,18.57,19.040001,18.34,18.360001,17.184387,32326800
1/10/13,18.530001,18.690001,18.370001,18.66,17.465176,15455100
2/10/13,18.58,18.84,18.540001,18.780001,17.577494,10870500
3/10/13,18.799999,18.83,18.43,18.540001,17.352859,18453900
4/10/13,18.389999,18.68,18.07,18.67,17.474535,27996700
7/10/13,18.57,18.83,18.5,18.620001,17.427738,18500000
8/10/13,18.66,18.77,18.200001,18.309999,17.137587,23379200
9/10/13,18.4,18.459999,17.969999,18.07,16.912954,19516400
10/10/13,18.26,18.35,18.01,18.15,16.987833,22821900
11/10/13,18.15,18.309999,17.99,18.1,16.941034,18833200
14/10/13,18.059999,18.32,17.940001,18.27,17.100149,21569300
15/10/13,18.34,18.48,18.18,18.42,17.240543,27224300
16/10/13,18.469999,18.65,18.16,18.35,17.175026,35018800
17/10/13,18.27,18.530001,18.16,18.209999,17.043989,26905100
18/10/13,18.219999,18.389999,17.83,17.940001,16.791279,28111800
21/10/13,17.99,18.98,17.709999,18.879999,17.671089,51907400
22/10/13,18.959999,19.059999,18.51,18.549999,17.362219,32733500
23/10/13,18.549999,18.85,18.209999,18.33,17.156307,21433300
24/10/13,18.360001,18.57,18.040001,18.24,17.072069,22513200
25/10/13,18.23,18.73,18.200001,18.49,17.306063,30298000
28/10/13,19.42,19.9,19.01,19.889999,18.616419,73626100
29/10/13,19.709999,19.959999,19.33,19.700001,18.438585,33394100
30/10/13,19.83,20.110001,19.16,19.950001,18.672577,54345800
31/10/13,19.959999,20.559999,19.85,20.290001,18.990807,41785200
1/11/13,20.120001,20.35,19.82,19.860001,18.588339,43494000
4/11/13,19.99,20.280001,19.950001,20.219999,18.925287,20508100
5/11/13,20.290001,20.41,20.049999,20.25,18.953367,30093900
6/11/13,20.290001,20.41,20.08,20.41,19.103123,21824900
7/11/13,20.27,20.629999,19.91,20,18.719376,20998800
8/11/13,19.950001,20.07,19.6,19.639999,18.382425,28408100
11/11/13,19.66,20.120001,19.5,20.09,18.803612,22190300
12/11/13,20.059999,20.25,19.450001,19.549999,18.298189,24586900
13/11/13,19.549999,19.99,19.25,19.940001,18.663216,31361100
14/11/13,20,20.5,19.959999,20.450001,19.140562,24679800
18/11/13,20.5,21.440001,20.459999,21.440001,20.067171,45214900
19/11/13,21.299999,21.370001,20.860001,21.110001,19.758301,42654300
21/11/13,20.5,21.129999,20.389999,20.9,19.561747,35845800
22/11/13,20.75,21.200001,20.639999,20.67,19.346474,23810600
25/11/13,20.83,20.950001,20.309999,20.360001,19.056324,17132300
26/11/13,19.9,20.040001,19.08,19.08,17.858282,38515500
27/11/13,19.209999,19.360001,18.809999,18.969999,17.755325,29298900
28/11/13,18.950001,19.219999,18.549999,18.66,17.465176,28872500
29/11/13,18.889999,19.389999,18.77,19.120001,17.895723,37804300
2/12/13,17.860001,18.07,17.35,17.360001,16.248417,78353000
3/12/13,17.450001,17.879999,17.049999,17.51,16.388811,45735400
4/12/13,17.76,17.76,17.370001,17.459999,16.342014,27512500
5/12/13,17.76,17.83,17.370001,17.629999,16.501129,25337400
6/12/13,17.73,17.780001,17.18,17.23,16.12674,32578300
9/12/13,17.32,17.469999,17.120001,17.450001,16.332655,13696800
10/12/13,17.360001,17.459999,17.26,17.299999,16.192259,14608900
11/12/13,17.280001,17.34,16.719999,16.780001,15.705556,21615100
12/12/13,16.85,17.02,16.690001,16.860001,15.780435,21980300
13/12/13,16.99,17.24,16.91,17.219999,16.117382,28058000
16/12/13,17.25,17.5,17.08,17.34,16.229698,32498700
17/12/13,17.209999,17.35,16.799999,16.799999,15.724274,29001000
18/12/13,16.950001,17.17,16.83,16.84,15.761713,22817200
19/12/13,17.120001,17.290001,16.870001,17.25,16.14546,17906300
20/12/13,17.25,17.290001,16.799999,16.91,15.82723,26875500
23/12/13,17.02,17.17,16.870001,17.059999,15.967626,11520400
26/12/13,17.15,17.190001,16.889999,16.92,15.836592,15294800
27/12/13,17,17.02,16.82,16.93,15.84595,15114200
30/12/13,16.950001,17.25,16.950001,17.08,15.986345,10598500
2/1/14,17.15,17.200001,16.65,16.75,15.677477,17284800
3/1/14,16.74,16.780001,16.41,16.5,15.443483,17837600
6/1/14,16.450001,16.639999,16.16,16.620001,15.555801,20526500
7/1/14,16.65,16.83,16.120001,16.16,15.125255,19052500
8/1/14,16.27,16.389999,16.139999,16.190001,15.153335,15874600
9/1/14,16.190001,16.290001,15.65,15.7,14.694709,25871700
10/1/14,15.76,16.299999,15.66,15.97,14.947421,30221300
13/1/14,16.01,16.110001,15.64,15.77,14.760227,21660900
14/1/14,15.71,15.87,15.62,15.7,14.694709,16339200
15/1/14,15.79,16.15,15.69,16.040001,15.012939,25748600
16/1/14,16.040001,16.190001,15.57,15.59,14.591753,32946000
17/1/14,15.72,15.77,15.45,15.51,14.516875,22865900
20/1/14,15.45,15.61,15.14,15.18,14.208005,17725000
21/1/14,15.34,15.34,15.31,15.34,14.35776,19893400
22/1/14,15.42,15.9,15.27,15.84,14.825745,44870600
23/1/14,15.67,15.91,15.46,15.47,14.479436,24150400
24/1/14,15.38,15.44,14.98,15.1,14.133128,27964100
27/1/14,15.21,15.29,15.04,15.11,14.142488,20818700
28/1/14,15.36,15.44,15.02,15.05,14.086329,22373700
29/1/14,15.06,15.14,14.7,14.8,13.852338,25561100
30/1/14,14.88,15.1,14.63,14.7,13.75874,25607800
31/1/14,14.64,15.07,14.55,14.7,13.75874,49314200
3/2/14,14.59,14.63,13.8,13.85,12.963167,51667600
4/2/14,14.04,14.22,13.77,14.09,13.1878,36400300
5/2/14,14.15,14.28,13.56,13.83,12.944448,39232600
6/2/14,13.94,14.36,13.88,14.21,13.300116,32126900
7/2/14,14.27,14.55,14.16,14.45,13.524748,34263100
10/2/14,14.36,14.7,14.33,14.61,13.674502,29123100
11/2/14,14.71,15.07,14.64,14.96,14.002092,28992000
12/2/14,15.08,15.1,14.78,14.96,14.002092,23713700
13/2/14,14.78,14.83,14.44,14.61,13.674502,28201900
14/2/14,14.71,14.71,14.47,14.58,13.646424,27084100
17/2/14,14.65,14.7,14.31,14.43,13.506029,13181700
18/2/14,14.42,14.58,14.11,14.11,13.206519,31555400
19/2/14,14.02,14.2,13.88,14.2,13.290755,28362700
20/2/14,14.06,14.34,13.98,14.16,13.253317,24473700
21/2/14,14.2,14.32,14.07,14.15,13.243958,18689200
24/2/14,14.11,14.57,14.01,14.5,13.571547,20993900
25/2/14,14.45,14.67,14.11,14.18,13.272037,35828100
26/2/14,14.2,14.25,13.68,13.7,12.822772,45181500
27/2/14,13.82,14.1,13.65,14.04,13.141001,23575900
28/2/14,14.1,14.15,13.58,13.59,12.719815,28318200
5/3/14,13.7,13.73,13.28,13.29,12.439025,15287200
6/3/14,13.42,13.72,13.31,13.43,12.570061,29223600
7/3/14,13.43,13.62,13.21,13.32,12.467103,33482800
10/3/14,13.27,13.37,12.9,13.01,12.176953,39540700
11/3/14,13.06,13.17,12.96,13.11,12.27055,37605100
12/3/14,13.11,13.46,13.08,13.32,12.467103,42963100
13/3/14,13.39,13.48,13.03,13.03,12.195672,22769800
14/3/14,13.08,13.12,12.77,12.78,11.961679,34674800
17/3/14,12.88,12.96,12.55,12.57,11.765127,39457400
18/3/14,12.64,13.05,12.57,12.97,12.139515,45126500
19/3/14,12.95,13.53,12.93,13.34,12.485823,51670900
20/3/14,13.23,14.04,13.16,13.99,13.094202,58253000
21/3/14,13.45,14.15,13.45,14.02,13.122282,49269400
24/3/14,14.17,14.43,13.87,14.42,13.496669,34293400
25/3/14,14.26,14.6,14.13,14.48,13.552827,40256700
26/3/14,14.55,14.69,14.35,14.4,13.477949,29664700
27/3/14,14.39,15.58,14.32,15.57,14.573032,77808100
28/3/14,15.57,15.77,15.2,15.66,14.65727,42344400
31/3/14,15.71,15.79,15.5,15.78,14.769586,28288900
1/4/14,15.72,15.85,15.48,15.81,14.797667,36206100
2/4/14,15.71,16.6,15.7,15.56,14.563674,66007000
3/4/14,15.53,15.65,15.12,15.4,15.369262,56189100
4/4/14,15.62,15.71,15.35,15.44,15.409182,33173500
7/4/14,15.7,16.459999,15.7,16.459999,16.427145,50400200
8/4/14,16.799999,17.07,15.72,15.99,15.958084,69307600
9/4/14,15.91,15.94,15.42,15.85,15.818364,41775400
10/4/14,15.66,16.049999,15.55,15.68,15.648704,27907900
11/4/14,15.53,16.200001,15.41,16.190001,16.157686,42898300
14/4/14,16.280001,16.360001,15.83,15.93,15.898205,26799700
15/4/14,15.76,16.09,15.13,15.32,15.289421,35870400
16/4/14,15.59,15.78,15.24,15.78,15.748503,28674000
17/4/14,15.9,16.6,15.54,16.379999,16.347305,44689200
22/4/14,16.309999,16.67,15.84,15.96,15.928144,44896500
23/4/14,15.97,16.07,15.75,16.040001,16.007986,22259300
24/4/14,16.200001,16.33,15.87,16.129999,16.097803,30473600
25/4/14,15.95,16.059999,15.65,16.030001,15.998005,31426800
28/4/14,15.95,16.57,15.77,16.559999,16.526945,31782200
29/4/14,16.68,17.1,16.51,16.690001,16.656687,42027100
30/4/14,16.6,16.74,16.389999,16.559999,16.526945,27166100
2/5/14,16.549999,17.73,16.51,17.700001,17.664673,52627500
5/5/14,17.65,17.77,17.309999,17.57,17.534931,35540000
6/5/14,17.43,18.48,17.309999,18.24,18.203592,48256400
7/5/14,18.139999,18.85,18.07,18.58,18.542915,44239500
8/5/14,18.6,18.799999,17.75,17.879999,17.844311,53471600
9/5/14,18.049999,18.24,17.6,17.67,17.634731,34395600
12/5/14,17.950001,18.1,17.77,18.030001,17.994013,20657400
13/5/14,18,18.4,17.860001,17.959999,17.92415,27465400
14/5/14,17.959999,18.34,17.85,18.290001,18.253494,23462900
15/5/14,18.17,18.23,17.93,18.030001,17.994013,20492100
16/5/14,18,18.370001,17.91,18.01,17.974052,26139800
19/5/14,17.98,18.040001,17.82,17.940001,17.904192,25935900
20/5/14,17.9,18.379999,17.1,17.299999,17.265469,54506300
21/5/14,17.459999,17.82,17.1,17.459999,17.42515,40672100
22/5/14,17.51,17.77,17.34,17.68,17.644711,32321300
23/5/14,17.58,17.83,17.549999,17.700001,17.664673,18155800
26/5/14,17.799999,17.91,17.709999,17.860001,17.824352,7387500
27/5/14,17.93,18.030001,17.41,17.49,17.45509,23285500
28/5/14,17.549999,17.790001,17.26,17.700001,17.664673,22457200
29/5/14,17.75,17.799999,17.290001,17.299999,17.265469,19559700
30/5/14,17.18,17.25,16.620001,16.690001,16.656687,25975000
2/6/14,16.799999,16.870001,16.379999,16.549999,16.516966,26475500
3/6/14,16.530001,16.959999,16.469999,16.9,16.866268,20600300
4/6/14,16.85,16.93,16.52,16.6,16.566868,20905900
5/6/14,16.709999,16.83,16.290001,16.32,16.287426,23391100
6/6/14,17.379999,17.68,17.110001,17.68,17.644711,55365700
9/6/14,17.57,18.24,17.379999,18.07,18.033932,47362400
10/6/14,18.040001,18.67,17.809999,18.67,18.632734,35832900
11/6/14,18.700001,18.959999,18.299999,18.879999,18.842316,48370800
13/6/14,18.629999,19.07,18.610001,18.99,18.952097,28004000
16/6/14,19,19.129999,18.639999,18.74,18.702595,30910300
17/6/14,18.65,18.68,18.200001,18.32,18.283434,18040600
18/6/14,18.41,19.030001,18.25,19,18.962076,43019700
20/6/14,18.65,18.99,18.58,18.700001,18.662676,22486300
23/6/14,18.75,18.75,18.299999,18.299999,18.263474,14243200
24/6/14,18.290001,18.889999,17.49,17.639999,17.60479,53971000
25/6/14,17.200001,17.77,17.129999,17.290001,17.255491,48346300
26/6/14,17.469999,17.57,17.01,17.32,17.285429,23470100
27/6/14,17.25,17.389999,17.1,17.200001,17.16567,16716300
30/6/14,17.360001,17.549999,17.040001,17.290001,17.255491,20962900
1/7/14,17.35,17.450001,16.92,17.190001,17.155689,22945200
2/7/14,17.190001,17.33,16.969999,17.120001,17.085829,28670600
3/7/14,16.9,17.530001,16.85,17.52,17.485031,26634700
4/7/14,17.43,17.549999,17.35,17.5,17.465071,9431900
7/7/14,17.41,17.440001,17.139999,17.32,17.285429,18701200
8/7/14,17.360001,17.42,17.17,17.33,17.29541,11504900
10/7/14,17.780001,18.17,17.620001,18.110001,18.073853,35913600
11/7/14,18.07,18.32,17.799999,18.24,18.203592,20928900
14/7/14,18.48,19.18,18.42,19.1,19.061876,70399100
15/7/14,19.1,19.370001,18.83,19.26,19.221558,43433200
16/7/14,19.35,19.389999,19.08,19.309999,19.271458,27591400
17/7/14,19.200001,19.92,19.120001,19.559999,19.520958,57411200
18/7/14,20.809999,20.870001,20.15,20.52,20.479042,90435000
21/7/14,20.43,21.02,20.26,20.940001,20.898205,44723800
22/7/14,20.9,21.23,20.559999,21.049999,21.007984,62443400
23/7/14,20.559999,20.74,20.17,20.25,20.209581,42981200
24/7/14,20.360001,20.440001,19.950001,20.309999,20.269461,37644700
25/7/14,20.41,20.57,20.280001,20.49,20.449102,25149900
28/7/14,20.57,20.6,20.09,20.15,20.109781,24552600
29/7/14,20.1,20.120001,19.559999,19.620001,19.580839,38234000
30/7/14,19.700001,20.049999,19.629999,19.85,19.810381,28062900
31/7/14,19.6,19.65,19.01,19.1,19.061876,36467700
1/8/14,19.01,19.209999,18.719999,19,18.962076,30658500
4/8/14,19.15,19.559999,18.870001,19.549999,19.510979,22501200
5/8/14,19.459999,20.09,19.299999,19.700001,19.660681,53674100
6/8/14,19.84,20.540001,19.67,20.309999,20.269461,72879400
7/8/14,20.6,20.690001,19.879999,20.15,20.109781,54256300
8/8/14,19.799999,19.860001,19.25,19.309999,19.271458,41930500
11/8/14,19.370001,20.200001,19.219999,20.139999,20.0998,35596700
12/8/14,20.09,20.290001,19.57,19.67,19.630739,30507300
13/8/14,19.75,19.93,18.5,18.690001,18.652695,100212700
14/8/14,18.68,19.049999,18.33,18.6,18.562876,45332400
15/8/14,18.9,20.1,18.9,20.059999,20.01996,63042700
18/8/14,20.549999,20.73,19.82,20.4,20.359282,66860700
19/8/14,20.209999,20.99,20.17,20.91,20.868263,43132900
20/8/14,20.799999,21.49,20.709999,21.360001,21.317366,54453400
21/8/14,21.25,21.67,21.07,21.299999,21.257484,40823700
22/8/14,21.139999,21.32,20.73,20.92,20.878244,34438300
25/8/14,21.219999,22.07,21.120001,22.040001,21.99601,45475600
26/8/14,22.030001,22.52,21.780001,21.84,21.796408,52291300
27/8/14,22.15,23.209999,21.9,22.84,22.794413,73536500
28/8/14,22.690001,23.33,22.549999,22.84,22.794413,57631800
29/8/14,23.15,23.59,22.6,23.360001,23.313374,56848900
1/9/14,23.950001,24.59,23.66,23.83,23.782436,40238800
2/9/14,24,24.9,23.4,24.559999,24.510979,67713100
3/9/14,24.84,24.879999,23.6,23.950001,23.902197,60151400
4/9/14,23.09,24,22.700001,22.790001,22.744513,66914600
5/9/14,22.75,23.299999,22.43,22.82,22.774452,54256100
8/9/14,23.42,23.68,21.5,21.700001,21.656689,79759300
9/9/14,21.51,22.190001,21.120001,21.48,21.437126,71764400
10/9/14,21.16,21.48,20.6,20.950001,20.908184,61903500
11/9/14,21.18,21.73,21,21.209999,21.167664,51526700
12/9/14,20.870001,21,19.85,20.139999,20.0998,82475400
15/9/14,20.25,20.66,20.059999,20.58,20.538923,53328400
16/9/14,20.76,22.379999,20.700001,21.549999,21.506987,99328900
17/9/14,22.33,22.530001,21.860001,22.120001,22.07585,54823000
18/9/14,21.85,22.120001,21.18,21.290001,21.247507,57148100
19/9/14,21,21.379999,20.690001,20.91,20.868263,37077100
22/9/14,20.450001,20.6,19.68,20.59,20.548903,66535200
23/9/14,20.1,21,19.9,20.129999,20.089821,54737800
24/9/14,19.950001,20.610001,19.84,20.23,20.189621,38247100
25/9/14,20.290001,20.4,19.83,19.84,19.8004,26626600
26/9/14,19.9,21.24,19.799999,20.940001,20.898205,43234500
29/9/14,19.02,19.25,18.540001,18.6,18.562876,94418600
30/9/14,18.49,18.65,17.75,18.09,18.053892,81971800
1/10/14,17.700001,17.860001,17.01,17.09,17.055889,79170700
2/10/14,17.4,17.719999,16.860001,17.299999,17.265469,65399500
3/10/14,17.6,18.52,17.24,18.35,18.313374,61990800
6/10/14,21.5,21.5,20.09,20.389999,20.349302,114738800
7/10/14,20.85,21.790001,20.639999,21.209999,21.167664,87446800
8/10/14,21.799999,21.85,20.01,20.85,20.808384,104638500
9/10/14,21.290001,21.9,21.139999,21.200001,21.157686,82449700
10/10/14,20.049999,20.049999,20.049999,20.049999,20.009979,64882800
13/10/14,21.360001,22.42,21.110001,22.129999,22.085829,85183400
14/10/14,21.6,21.6,21.6,21.6,21.556887,80844400
15/10/14,20.6,20.879999,19.620001,20.15,20.109781,120546300
16/10/14,19.01,19.5,18.559999,18.65,18.612774,97275600
17/10/14,19.370001,19.530001,18.65,19.09,19.051897,69545700
20/10/14,18.92,18.99,17.870001,17.92,17.884232,70794896
21/10/14,16.9,16.9,16.9,16.9,16.866268,105185600
22/10/14,16.809999,17.25,16.379999,16.610001,16.576847,62049400
23/10/14,16.370001,16.450001,15.41,15.51,15.479043,110386000
24/10/14,15.8,16.889999,15.52,16.620001,16.586828,100322000
27/10/14,14,14.59,13.76,14.52,14.491019,215365600
28/10/14,14.9,15.08,14.63,15.03,15,95132900
29/10/14,14.77,14.79,14,14.02,13.992017,89851000
30/10/14,14.6,14.69,14.01,14.32,14.291417,75048900
31/10/14,14.58,15.28,14.37,15.28,15.249501,47932400
3/11/14,14.96,15.1,14.55,14.85,14.82036,44102700
4/11/14,15,15.03,14.37,14.82,14.79042,45408900
5/11/14,14.5,14.62,14.33,14.4,14.371258,37011900
6/11/14,14.28,14.28,13.78,14.06,14.031937,55337600
7/11/14,14.25,14.63,13.52,14.27,14.241518,77503900
10/11/14,14.3,14.37,13.92,13.98,13.952096,35611800
11/11/14,13.81,14.08,13.67,14,13.972056,24268300
12/11/14,13.97,14.49,13.83,14.11,14.081837,30597500
13/11/14,14.32,14.37,13.59,13.6,13.572855,36046700
14/11/14,12.9,13.33,12.85,13.2,13.173653,52848800
17/11/14,13.07,13.25,12.52,12.6,12.574851,47504600
18/11/14,12.76,12.85,12,12.45,12.42515,60893000
19/11/14,12.4,12.97,12.31,12.78,12.754491,48829400
21/11/14,13.01,14.43,13.01,14.3,14.271458,66584900
24/11/14,14.62,15.26,14.08,14.21,14.181637,70349100
25/11/14,14.44,14.93,13.85,14.15,14.121757,82863900
26/11/14,14.17,14.17,14.17,14.17,14.141717,35604600
27/11/14,14.2,14.62,13.33,13.44,13.413174,54672700
28/11/14,13.45,13.56,12.8,12.84,12.814372,46109000
1/12/14,12.45,12.54,12.21,12.32,12.295409,698950612
2/12/14,12.5,12.56,12.09,12.17,12.145709,482364084
3/12/14,12.26,12.8,12.21,12.71,12.684631,39791800
4/12/14,12.79,12.79,12.17,12.27,12.24551,36498300
5/12/14,12.32,12.37,12.05,12.18,12.155689,60072900
8/12/14,12.15,12.15,11.41,11.51,11.487026,44385600
9/12/14,11.1,11.43,10.81,11.42,11.397206,69233104
10/12/14,11.35,11.36,10.82,10.88,10.858284,51653800
11/12/14,10.9,11.04,10.32,10.63,10.608783,64604800
12/12/14,10.65,10.69,10.11,10.19,10.169661,46321800
15/12/14,10.21,10.29,9.01,9.06,9.041917,100442600
16/12/14,8.6,9.92,8.56,9.37,9.351297,92073400
17/12/14,9.5,9.86,9.37,9.47,9.451098,90951200
18/12/14,9.89,10.35,9.38,9.57,9.550899,88693200
19/12/14,9.95,9.98,9.57,9.83,9.810379,64103300
22/12/14,9.9,10.37,9.71,10.37,10.349301,53678500
23/12/14,10.37,10.99,10.19,10.91,10.888224,45011000
26/12/14,10.87,10.88,10.21,10.32,10.299401,27059500
29/12/14,10.15,10.54,10.06,10.28,10.259481,24392000
30/12/14,10.16,10.35,10.01,10.03,10.00998,27623700
2/1/15,9.99,9.99,9.35,9.36,9.341317,49559500
5/1/15,9.14,9.19,8.53,8.56,8.542914,78385100
6/1/15,8.71,8.83,8.04,8.28,8.263473,84723300
7/1/15,8.56,8.73,8.36,8.67,8.652695,85531000
8/1/15,8.79,9.39,8.74,9.23,9.211576,83306300
9/1/15,9.2,9.51,8.93,9.51,9.491018,50813100
12/1/15,9.27,9.58,8.79,8.84,8.822355,58728900
13/1/15,8.9,9.39,8.85,9.09,9.071856,65834800
14/1/15,8.88,8.96,8.64,8.91,8.892216,55736500
15/1/15,9,9.39,8.87,9.31,9.291418,80907800
16/1/15,9.46,9.63,9.24,9.44,9.421158,56978300
19/1/15,9.35,9.54,9.15,9.17,9.151697,30873100
20/1/15,9.6,9.85,9.15,9.31,9.291418,72842900
21/1/15,9.45,9.92,9.32,9.9,9.880239,48003500
22/1/15,10.1,10.46,9.97,10.23,10.20958,74782400
23/1/15,10.11,10.41,9.88,9.98,9.960079,43659400
26/1/15,9.79,9.97,9.66,9.83,9.810379,33202100
27/1/15,9.72,10.37,9.53,10.14,10.119761,58750400
28/1/15,9.43,9.54,8.95,9.11,9.091816,106337900
29/1/15,9.05,9.08,8.34,8.67,8.652695,111506300
30/1/15,8.2,8.34,8.08,8.3,8.283434,87497200
2/2/15,8.46,8.79,8.13,8.79,8.772455,57585100
3/2/15,9.01,10,9.01,9.97,9.9501,98061700
4/2/15,10.3,10.78,9.56,10.02,10.000001,117595000
5/2/15,9.86,10.29,9.7,9.83,9.810379,78992700
6/2/15,9.8,9.81,8.87,9.12,9.101796,117747100
9/2/15,8.8,9.47,8.72,9.4,9.381237,72534200
10/2/15,9.22,9.8,8.89,8.91,8.892216,75478700
11/2/15,8.94,9.19,8.81,9.08,9.061876,48681100
12/2/15,9.35,9.54,9.27,9.45,9.431138,61706000
13/2/15,9.68,10.1,9.66,10.03,10.00998,72282500
18/2/15,10.16,10.34,10.01,10.04,10.01996,42896700
19/2/15,9.96,9.97,9.65,9.71,9.690619,38492400
20/2/15,9.82,9.9,9.53,9.64,9.620759,35272700
23/2/15,9.55,9.59,9.39,9.5,9.481038,41168500
24/2/15,9.65,9.9,9.59,9.9,9.880239,48578000
25/2/15,9.1,9.4,9,9.4,9.381237,96303900
26/2/15,9.4,9.52,9.16,9.23,9.211576,44179900
27/2/15,9.3,9.64,9.1,9.55,9.530938,46969600
2/3/15,9.44,9.71,9.27,9.42,9.401198,38009000
3/3/15,9.69,9.8,9.52,9.57,9.550899,42133600
4/3/15,9.41,9.45,9.21,9.27,9.251497,48308500
5/3/15,9.31,9.38,9.16,9.24,9.221557,52913800
6/3/15,9.2,9.35,9.17,9.25,9.231537,27181900
9/3/15,9.13,9.18,8.9,8.92,8.902196,37625700
10/3/15,8.83,8.98,8.51,8.52,8.502995,72090500
11/3/15,8.67,8.83,8.58,8.74,8.722555,44035300
12/3/15,8.97,9.08,8.44,8.47,8.453094,63029900
13/3/15,8.25,8.39,8.16,8.34,8.323354,72933500
16/3/15,8.49,8.5,8.19,8.39,8.373254,53380500
17/3/15,8.35,8.93,8.32,8.86,8.842316,63896300
18/3/15,8.85,9.29,8.67,9.2,9.181637,65324600
19/3/15,9.18,9.23,8.85,8.92,8.902196,42857200
20/3/15,9.08,9.35,8.96,9.22,9.201597,65339300
23/3/15,9.3,9.44,9.2,9.33,9.311378,34124600
24/3/15,9.37,9.45,9.22,9.42,9.401198,36392400
25/3/15,9.65,9.89,9.53,9.8,9.780439,84659600
26/3/15,9.92,9.96,9.31,9.33,9.311378,58862000
27/3/15,9.3,9.61,9.17,9.36,9.341317,51152500
30/3/15,9.5,9.75,9.42,9.71,9.690619,33372200
31/3/15,9.58,9.92,9.47,9.66,9.640718,46908300
1/4/15,9.93,10.37,9.87,10.26,10.239521,59374600
2/4/15,10.17,10.72,10.17,10.69,10.668662,69001800
6/4/15,10.8,10.99,10.68,10.71,10.688623,45227600
7/4/15,10.6,10.96,10.46,10.92,10.898204,61721500
8/4/15,11.1,11.33,10.49,10.57,10.548903,73904600
9/4/15,10.7,11.6,10.58,11.58,11.556887,79280800
10/4/15,11.52,11.93,11.27,11.81,11.786427,70021600
13/4/15,11.97,12.75,11.9,12.27,12.24551,104809600
14/4/15,12.67,12.74,11.97,12.46,12.43513,87127100
15/4/15,12.7,13.38,12.47,13.34,13.313374,103042800
16/4/15,13.25,13.33,12.52,12.98,12.954092,109852700
17/4/15,12.61,13.24,12.52,12.95,12.924151,71274400
20/4/15,13.23,13.38,13.02,13.07,13.043912,52514600
22/4/15,13.19,13.29,12.66,13,12.974052,65914800
23/4/15,12.3,13.26,11.89,12.87,12.844312,182613700
24/4/15,13.19,13.78,13.16,13.22,13.193613,106143700
27/4/15,12.95,13.12,12.51,12.52,12.49501,53111300
28/4/15,12.76,12.87,12.25,12.77,12.744512,60884300
29/4/15,12.58,12.93,12.53,12.82,12.794412,35821900
30/4/15,12.83,13.15,12.8,13.06,13.033933,48515300
4/5/15,13.31,13.85,13.3,13.79,13.762475,55651100
5/5/15,13.7,14.61,13.67,14.43,14.401198,76329800
6/5/15,14.75,14.95,13.57,13.79,13.762475,72197500
7/5/15,13.8,14.05,13.33,13.66,13.632734,44978900
8/5/15,14.04,14.09,13.36,13.51,13.483034,43687900
11/5/15,13.68,13.83,13.43,13.77,13.742516,28040500
12/5/15,13.7,14.06,13.63,13.73,13.702595,30765100
13/5/15,13.87,14.13,13.75,13.98,13.952096,45346800
14/5/15,14.1,14.23,13.76,13.9,13.872255,49457700
15/5/15,13.92,14.12,13.61,14.04,14.011976,54224100
18/5/15,14.64,14.65,13.52,13.7,13.672655,82200400
19/5/15,13.55,13.59,12.79,12.89,12.864272,70521100
20/5/15,12.76,13.12,12.63,12.84,12.814372,43164900
21/5/15,12.86,13.52,12.86,13.48,13.453094,53682900
22/5/15,13.52,13.65,12.92,13.07,13.043912,53753700
25/5/15,12.98,13.01,12.72,12.83,12.804392,24377600
26/5/15,12.8,12.86,12.36,12.39,12.365271,44844200
27/5/15,12.5,12.66,12.29,12.54,12.514971,47223300
28/5/15,12.47,12.82,12.4,12.65,12.62475,96419400
29/5/15,12.71,12.78,12.3,12.33,12.305389,75971600
1/6/15,12.43,12.65,12.25,12.36,12.335329,40498000
2/6/15,12.55,12.95,12.47,12.88,12.854292,47041600
3/6/15,12.96,13.1,12.72,12.79,12.764471,90062100
5/6/15,12.58,12.78,12.42,12.57,12.54491,36719100
8/6/15,12.61,12.77,12.47,12.57,12.54491,23667600
9/6/15,12.61,13.17,12.57,13,12.974052,88228800
10/6/15,13.3,13.44,12.92,13.08,13.053892,45583600
11/6/15,13.13,13.14,12.85,13.1,13.073853,35341600
12/6/15,12.86,13.04,12.83,13.02,12.994013,30067700
15/6/15,12.97,13.09,12.9,13.01,12.984033,31713200
16/6/15,13.04,13.48,12.91,13.38,13.353293,49988000
17/6/15,13.5,13.59,13.12,13.14,13.113773,40920200
18/6/15,13.28,13.45,13.15,13.45,13.423154,26832100
19/6/15,13.31,13.44,13.1,13.15,13.123753,36247800
22/6/15,13.3,13.37,13.13,13.17,13.143713,22567300
23/6/15,13.27,13.43,12.95,12.97,12.944113,48007400
24/6/15,13.06,13.35,13.05,13.22,13.193613,39613200
25/6/15,13.23,13.24,12.52,12.6,12.574851,48369000
26/6/15,12.66,13.21,12.64,13.21,13.183633,34536800
29/6/15,13,13.59,12.62,12.85,12.824352,63175500
30/6/15,12.9,12.99,12.65,12.69,12.664671,32876500
1/7/15,12.8,12.85,12.01,12.16,12.135729,62627200
2/7/15,12.35,12.53,12.16,12.35,12.32535,37421500
3/7/15,12.25,12.31,11.68,11.76,11.736527,31574500
6/7/15,11.51,11.73,11.28,11.51,11.487026,51206800
7/7/15,11.36,11.85,10.82,11.77,11.746508,72452800
8/7/15,11.62,11.99,11.33,11.46,11.437126,44001500
10/7/15,11.9,11.98,11.75,11.81,11.786427,30885900
13/7/15,11.87,11.93,11.58,11.79,11.766467,29585400
14/7/15,11.69,12.08,11.58,11.99,11.966068,37058500
15/7/15,11.96,12.06,11.72,11.78,11.756487,33375100
16/7/15,11.89,11.99,11.82,11.99,11.966068,26442500
17/7/15,11.82,11.9,11.39,11.41,11.387226,39929900
20/7/15,11.46,11.54,10.75,10.79,10.768463,48763200
21/7/15,10.91,11.24,10.6,10.73,10.708583,40357600
22/7/15,10.61,10.72,10.33,10.36,10.339321,30155200
23/7/15,10.22,10.56,10.12,10.12,10.0998,50696500
24/7/15,10.17,10.23,9.76,10.03,10.00998,45143700
27/7/15,9.96,9.99,9.5,9.5,9.481038,54768800
28/7/15,9.69,10.22,9.61,10.02,10.000001,72306100
29/7/15,10.01,10.77,9.91,10.7,10.678643,88194700
30/7/15,10.83,10.93,10.24,10.42,10.399202,47498400
31/7/15,10.48,10.7,10.32,10.49,10.469062,37462200
3/8/15,10.36,10.41,9.95,10.03,10.00998,41499600
4/8/15,10.14,10.45,10.1,10.16,10.139721,30786900
5/8/15,10.41,10.55,10.01,10.01,9.990021,43759700
6/8/15,9.86,10.39,9.74,10.34,10.319362,60293400
7/8/15,10.25,10.55,9.68,9.69,9.670658,65832700
10/8/15,9.81,10.03,9.57,9.99,9.97006,51017800
11/8/15,9.79,9.98,9.47,9.98,9.960079,45648700
12/8/15,9.8,10.01,9.67,9.82,9.800399,40039100
13/8/15,9.91,9.97,9.5,9.5,9.481038,31405700
14/8/15,9.61,9.68,9.3,9.3,9.281438,28018600
17/8/15,9.2,9.36,9.12,9.15,9.131737,33125100
18/8/15,9.06,9.2,8.82,8.99,8.972055,38013600
19/8/15,8.95,9.05,8.63,8.74,8.722555,37036000
20/8/15,8.64,8.96,8.56,8.69,8.672654,38857700
21/8/15,8.6,8.64,8.29,8.3,8.283434,39848800
24/8/15,7.76,8.17,7.53,7.89,7.874251,70881000
25/8/15,8.1,8.23,7.85,7.85,7.834332,58283200
26/8/15,8.07,8.13,7.85,8.13,8.113772,43893300
27/8/15,8.25,8.93,8.23,8.92,8.902196,66820200
28/8/15,8.67,9.39,8.61,9.02,9.001997,77260900
31/8/15,8.71,9.29,8.52,9.19,9.171657,76576400
1/9/15,8.75,9.09,8.54,8.59,8.572855,52756400
2/9/15,8.75,8.84,8.33,8.82,8.802395,56050600
3/9/15,8.93,9.21,8.54,8.76,8.742516,56645400
4/9/15,8.6,8.76,8.51,8.51,8.493014,35463400
8/9/15,8.7,8.79,8.58,8.64,8.622755,29383000
9/9/15,8.81,8.9,8.36,8.39,8.373254,38706300
10/9/15,7.9,8.15,7.81,7.97,7.954092,62858700
11/9/15,7.94,7.99,7.59,7.66,7.644711,53647300
14/9/15,7.7,7.82,7.46,7.72,7.704591,52851400
15/9/15,7.65,7.87,7.54,7.65,7.634731,35102900
16/9/15,7.77,8.24,7.74,8.14,8.123753,66613400
17/9/15,8.05,8.11,7.86,7.86,7.844312,72887600
18/9/15,7.75,7.76,7.5,7.6,7.58483,68097000
21/9/15,7.66,7.68,7.3,7.3,7.285429,41063600
22/9/15,7.24,7.24,6.81,6.97,6.956088,66720700
23/9/15,6.96,7.16,6.7,6.82,6.806387,64774800
24/9/15,6.61,7.14,6.6,6.96,6.946108,56577300
25/9/15,7.12,7.22,6.77,6.82,6.806387,44843100
28/9/15,6.74,6.75,6.44,6.44,6.427146,37466900
29/9/15,6.54,6.79,6.5,6.59,6.576847,52387600
30/9/15,7.25,7.26,6.97,7.24,7.225549,107779500
1/10/15,7.31,7.46,6.99,7.02,7.005988,69296500
2/10/15,6.99,7.83,6.9,7.77,7.754491,88891400
5/10/15,7.9,8.14,7.75,7.82,7.804391,68350300
6/10/15,7.86,8.34,7.84,8.19,8.173653,81259300
7/10/15,8.51,8.9,8.27,8.47,8.453094,116610600
8/10/15,8.46,8.84,8.28,8.75,8.732535,68670000
9/10/15,9.02,9.07,8.58,8.8,8.782435,71885200
13/10/15,8.36,8.47,8.07,8.13,8.113772,56100600
14/10/15,8.07,8.23,7.89,7.96,7.944112,75339100
15/10/15,8,8.07,7.67,8,7.984032,61444100
16/10/15,7.99,8.08,7.81,7.95,7.934132,42963800
19/10/15,7.9,7.96,7.76,7.95,7.934132,40096200
20/10/15,8,8.19,7.97,8.05,8.033933,47938700
21/10/15,7.95,8.06,7.71,7.75,7.734531,45394400
22/10/15,7.82,8.11,7.81,8.02,8.003993,46174500
23/10/15,8.26,8.28,7.94,7.99,7.974052,45715300
26/10/15,8.05,8.13,7.8,7.85,7.834332,35069500
27/10/15,7.86,7.86,7.55,7.6,7.58483,44085700
28/10/15,7.87,7.95,7.86,7.95,7.934132,4630900
29/10/15,7.57,7.93,7.57,7.61,7.59481,41336300
30/10/15,7.6,7.78,7.54,7.71,7.694611,36951300
3/11/15,7.84,8.48,7.77,8.48,8.463074,60306200
4/11/15,8.58,8.65,8.02,8.08,8.063872,55661500
5/11/15,8.08,8.17,7.87,8.11,8.093812,92690300
6/11/15,8.04,8.08,7.73,7.82,7.804391,39680600
9/11/15,7.83,7.93,7.59,7.91,7.894212,36340400
10/11/15,7.6,7.69,7.51,7.61,7.59481,34554300
11/11/15,7.71,7.83,7.64,7.72,7.704591,44596400
12/11/15,7.72,7.74,7.53,7.58,7.56487,41641400
13/11/15,7.5,7.56,7.23,7.27,7.255489,67000600
16/11/15,7.31,7.7,7.31,7.7,7.684631,56587800
17/11/15,7.8,7.86,7.64,7.76,7.744512,52072800
18/11/15,7.81,8.03,7.79,7.82,7.804391,38137700
19/11/15,7.96,7.98,7.62,7.84,7.824352,51878600
23/11/15,7.9,8.1,7.85,8.08,8.063872,47415800
24/11/15,8.05,8.5,7.95,8.5,8.483034,63001700
25/11/15,8.28,8.35,7.9,7.9,7.884232,54732800
26/11/15,7.95,8.04,7.82,7.92,7.904192,21697100
27/11/15,7.81,7.86,7.57,7.6,7.58483,38334200
30/11/15,7.54,7.84,7.42,7.67,7.654691,72764300
1/12/15,7.67,7.76,7.45,7.49,7.47505,35865600
2/12/15,7.54,7.59,7.35,7.52,7.50499,47713500
3/12/15,7.99,8.17,7.79,7.98,7.964072,76680900
4/12/15,7.97,7.97,7.42,7.52,7.50499,63662600
7/12/15,7.6,7.61,7.15,7.19,7.175649,47395000
8/12/15,7.2,7.2,6.95,7.13,7.115769,46590500
9/12/15,7.34,7.82,7.27,7.65,7.634731,82102800
10/12/15,7.51,7.57,7.31,7.45,7.43513,43458400
11/12/15,7.26,7.53,7.21,7.25,7.235529,50750600
14/12/15,7.15,7.23,7.07,7.21,7.195609,33538000
15/12/15,7.34,7.47,7.3,7.42,7.40519,34188900
16/12/15,7.28,7.36,7.09,7.29,7.275449,39840300
17/12/15,7.35,7.52,7.19,7.2,7.185629,43789300
18/12/15,7.02,7.1,6.92,7.02,7.005988,60061600
21/12/15,7.06,7.09,6.62,6.64,6.626747,54032100
22/12/15,6.76,6.82,6.62,6.79,6.776447,40463400
23/12/15,6.91,7.04,6.87,6.93,6.916168,38789700
28/12/15,6.9,6.9,6.65,6.7,6.686627,28617600
29/12/15,6.81,6.87,6.68,6.69,6.676647,22441300
30/12/15,6.66,6.76,6.52,6.7,6.686627,30041600
4/1/16,6.57,7.03,6.55,6.87,6.856287,45962100
5/1/16,6.92,7,6.62,6.68,6.666667,29446700
6/1/16,6.53,6.54,6.4,6.4,6.387226,67507200
7/1/16,6.19,6.43,6.08,6.26,6.247505,57387900
8/1/16,6.38,6.45,6.13,6.27,6.257485,52100300
11/1/16,6.27,6.3,6.05,6.09,6.077845,51334000
12/1/16,6.12,6.12,5.51,5.53,5.518962,81627800
13/1/16,5.7,5.74,5.25,5.27,5.259481,70874300
14/1/16,5.31,5.69,5.13,5.69,5.678643,76854200
15/1/16,5.35,5.44,5.16,5.17,5.159681,75571500
18/1/16,5.19,5.21,4.8,4.8,4.79042,46407200
19/1/16,5.03,5.05,4.64,4.66,4.650699,66529300
20/1/16,4.5,4.5,4.26,4.43,4.421158,92914100
21/1/16,4.37,4.67,4.36,4.5,4.491018,87455300
22/1/16,4.73,4.77,4.4,4.41,4.401197,100576600
26/1/16,4.23,4.31,4.12,4.2,4.191617,71933300
27/1/16,4.22,4.64,4.16,4.57,4.560879,79437900
28/1/16,4.67,5.13,4.35,4.6,4.590818,131960900
29/1/16,4.7,4.86,4.52,4.84,4.830339,93013900
1/2/16,4.74,4.86,4.66,4.72,4.710579,51910300
2/2/16,4.56,4.65,4.3,4.3,4.291418,53610300
3/2/16,4.42,4.52,4.22,4.49,4.481038,73786400
4/2/16,4.56,4.94,4.36,4.73,4.720559,91974200
5/2/16,4.73,4.78,4.53,4.54,4.530938,52704500
10/2/16,4.3,4.41,4.28,4.31,4.301397,45747400
11/2/16,4.2,4.27,4.12,4.23,4.221557,59451500
12/2/16,4.37,4.51,4.3,4.45,4.441118,64027200
15/2/16,4.56,4.6,4.52,4.57,4.560879,28490400
16/2/16,4.5,4.64,4.42,4.44,4.431138,80343900
17/2/16,4.54,4.82,4.51,4.68,4.670659,84473100
18/2/16,4.69,4.87,4.55,4.59,4.580839,65026900
19/2/16,4.5,4.57,4.4,4.46,4.451098,56031000
22/2/16,4.67,5.04,4.63,5.04,5.02994,80150300
23/2/16,4.95,5.28,4.82,4.92,4.91018,85037400
24/2/16,4.77,4.93,4.65,4.87,4.86028,75039700
25/2/16,4.81,5.08,4.79,4.89,4.880239,70393700
26/2/16,5.02,5.1,4.83,4.87,4.86028,61396800
29/2/16,5.08,5.23,4.98,5.14,5.129741,84165000
1/3/16,5.31,5.37,5.1,5.31,5.299401,80939200
2/3/16,5.21,5.65,5.15,5.65,5.638723,88545800
3/3/16,6.57,6.57,6.57,6.57,6.556887,186772500
4/3/16,6.57,7.9,6.57,7.22,7.205589,175922100
7/3/16,7.25,7.53,6.95,7.37,7.355289,85041400
8/3/16,7.37,7.84,7.08,7.47,7.45509,137169400
9/3/16,7.7,7.78,7.36,7.6,7.58483,84821900
10/3/16,7.8,7.96,7.31,7.95,7.934132,117672300
11/3/16,7.94,8.22,7.67,8.09,8.073853,92331300
14/3/16,8.13,8.2,7.4,7.4,7.38523,86084700
15/3/16,6.83,6.96,6.56,6.61,6.596807,104913200
16/3/16,6.51,7.23,6.41,7.23,7.215569,85533000
17/3/16,8.15,8.19,7.71,8.1,8.083833,118294200
18/3/16,8.09,8.17,7.72,8.12,8.103792,77182400
21/3/16,8.08,8.27,7.93,8.06,8.043913,65837300
22/3/16,7.85,8.18,7.73,8.11,8.093812,84549700
23/3/16,7.88,7.96,7.66,7.78,7.764472,61437900
24/3/16,7.53,8,7.32,7.81,7.794411,52343300
28/3/16,8.15,8.48,7.91,8.44,8.423154,69818700
29/3/16,8.34,8.85,8.19,8.49,8.473054,89050200
30/3/16,8.7,9,8.28,8.44,8.423154,90059600
31/3/16,8.31,8.31,8.31,8.31,8.293414,737700
1/4/16,8.36,8.36,8.36,8.36,8.343313,374500
4/4/16,7.54,7.54,7.54,7.54,7.524951,865300
5/4/16,7.8,7.8,7.8,7.8,7.784431,684100
6/4/16,7.58,7.58,7.58,7.58,7.56487,457400
7/4/16,7.7,7.7,7.7,7.7,7.684631,324800
8/4/16,8.13,8.34,8.04,8.26,8.243513,84448200
11/4/16,8.39,8.39,8.39,8.39,8.373254,449600
12/4/16,9.04,9.04,9.04,9.04,9.021956,648900
13/4/16,9.49,9.49,9.49,9.49,9.471058,782300
14/4/16,9.73,9.77,9.12,9.16,9.141717,77355500
15/4/16,9.25,9.83,9.07,9.69,9.670658,95590000
18/4/16,9.65,9.72,8.89,9.24,9.221557,88873100
19/4/16,9.61,9.61,9.61,9.61,9.590818,370500
20/4/16,9.4,9.64,9.34,9.48,9.461078,53295800
22/4/16,9.32,9.93,9.29,9.75,9.730539,63322900
25/4/16,9.71,9.9,9.33,9.33,9.311378,56585400
26/4/16,9.48,9.74,9.34,9.67,9.650699,40460400
27/4/16,9.85,10.3,9.77,10.25,10.229541,86397900
28/4/16,10.23,10.54,10.08,10.23,10.20958,57741500
29/4/16,10.23,10.54,10.01,10.23,10.20958,53931300
2/5/16,10.25,10.36,9.93,10.17,10.149701,48618800
3/5/16,10.01,10.09,9.71,9.78,9.760479,47074700
4/5/16,9.85,10.15,9.85,9.92,9.9002,43389500
5/5/16,10.28,10.3,9.6,9.81,9.79042,65074500
6/5/16,9.63,10.13,9.58,10.08,10.05988,45330900
9/5/16,10.01,10.05,8.84,9.48,9.461078,94688100
10/5/16,9.82,10.21,9.72,10.21,10.189621,53055800
11/5/16,10.39,10.5,9.99,10.25,10.229541,74542300
12/5/16,10.4,10.47,9.79,9.79,9.770459,67229100
13/5/16,9.93,10.06,9.39,9.46,9.441118,70472200
16/5/16,9.55,9.85,9.52,9.75,9.730539,61487700
17/5/16,9.83,9.88,9.46,9.5,9.481038,46379500
18/5/16,9.31,9.65,9.27,9.32,9.301397,51929100
19/5/16,9.25,9.25,8.65,8.96,8.942116,75430200
20/5/16,9.2,9.46,8.9,8.9,8.882236,65173100
23/5/16,8.55,8.67,8.42,8.5,8.483034,51330000
24/5/16,8.69,8.85,8.45,8.53,8.512974,44823400
25/5/16,8.68,8.94,8.59,8.67,8.652695,45512600
27/5/16,8.5,8.57,8.23,8.23,8.213573,47488600
30/5/16,8.18,8.62,8.06,8.38,8.363274,32281900
31/5/16,8.36,8.57,8.04,8.04,8.023952,58662600
1/6/16,8.09,8.25,7.86,8.18,8.163673,45884400
2/6/16,8.19,8.41,8.03,8.32,8.303393,52835100
3/6/16,8.51,8.67,8.45,8.57,8.552895,45595300
6/6/16,8.7,8.78,8.45,8.46,8.443114,37117600
7/6/16,8.42,8.72,8.39,8.62,8.602795,34401600
8/6/16,8.8,9.41,8.8,9.39,9.371258,77194700
9/6/16,9.28,9.38,9.05,9.18,9.161677,46539900
10/6/16,8.97,8.99,8.78,8.78,8.762475,38859900
13/6/16,8.58,8.84,8.52,8.62,8.602795,37094100
14/6/16,8.6,8.77,8.25,8.3,8.283434,66180300
15/6/16,8.3,8.69,8.27,8.51,8.493014,84556900
16/6/16,8.41,8.54,8.28,8.5,8.483034,46834500
17/6/16,8.75,8.95,8.73,8.95,8.932136,63144100
20/6/16,9.22,9.37,9.12,9.18,9.161677,63791500
21/6/16,9.09,9.54,8.94,9.53,9.510978,53703900
22/6/16,9.61,9.75,9.34,9.34,9.321358,61983000
23/6/16,9.59,9.7,9.51,9.67,9.650699,48031300
24/6/16,9,9.33,8.92,9.25,9.231537,75974900
27/6/16,9.22,9.34,8.78,8.78,8.762475,58818400
28/6/16,9.1,9.28,9.07,9.2,9.181637,45291700
29/6/16,9.43,9.57,9.32,9.5,9.481038,56093600
30/6/16,9.42,9.49,9.24,9.42,9.401198,43741300
1/7/16,9.48,9.85,9.37,9.82,9.800399,49290800
4/7/16,9.95,10.05,9.79,9.87,9.8503,24505100
5/7/16,9.65,9.67,9.23,9.29,9.271458,69691200
6/7/16,9.09,9.52,8.95,9.5,9.481038,68781500
7/7/16,9.66,9.98,9.52,9.56,9.540919,81610300
8/7/16,9.85,9.94,9.67,9.84,9.820359,42647600
11/7/16,10,10.37,9.98,10.36,10.339321,66717300
12/7/16,10.61,10.8,10.58,10.65,10.628742,58174200
13/7/16,10.47,10.63,10.21,10.63,10.608783,64252100
14/7/16,10.92,10.98,10.66,10.93,10.908184,53059500
15/7/16,10.91,11.06,10.82,11.02,10.998005,51223500
18/7/16,10.97,11.74,10.87,11.55,11.526947,77358900
19/7/16,11.51,11.97,11.5,11.78,11.756487,53692000
20/7/16,11.82,11.9,11.54,11.82,11.796407,49261200
21/7/16,11.77,11.99,11.73,11.85,11.826348,37748600
22/7/16,11.84,11.97,11.72,11.94,11.916167,33938400
25/7/16,11.98,12.25,11.91,12.03,12.005988,47192000
26/7/16,11.95,12.07,11.85,11.88,11.856288,38304800
27/7/16,11.99,12.04,11.51,11.51,11.487026,51952100
28/7/16,11.4,11.55,11.15,11.44,11.417166,40663100
29/7/16,11.76,11.98,11.61,11.87,11.846308,60740000
1/8/16,11.93,11.97,11.22,11.25,11.227545,52012300
2/8/16,11.33,11.62,11.1,11.36,11.337325,49134600
3/8/16,11.58,11.9,11.33,11.9,11.876247,55695500
4/8/16,11.93,12.12,11.87,12.01,11.986029,63207500
5/8/16,12.12,12.17,11.65,11.65,11.626746,54225900
8/8/16,11.79,11.97,11.7,11.91,11.886228,41552000
9/8/16,11.92,12.07,11.75,11.88,11.856288,33596200
10/8/16,11.95,11.97,11.56,11.56,11.536927,41638400
11/8/16,11.63,12.1,11.6,12.1,12.075849,55881500
12/8/16,12.05,12.44,11.98,12,11.976048,71281300
15/8/16,12.19,12.37,12.07,12.31,12.28543,53568000
16/8/16,12.31,12.56,12.14,12.49,12.46507,48218700
17/8/16,12.47,12.76,12.32,12.76,12.734531,46809100
18/8/16,12.8,13.03,12.78,12.88,12.854292,44941100
19/8/16,12.82,12.92,12.7,12.79,12.764471,33360000
22/8/16,12.63,12.63,12.3,12.35,12.32535,43258900
23/8/16,12.48,12.86,12.42,12.67,12.644711,61048000
24/8/16,12.5,12.71,12.37,12.4,12.37525,44694700
25/8/16,12.42,12.64,12.35,12.53,12.50499,40290500
26/8/16,12.69,12.9,12.45,12.55,12.524951,50650500
29/8/16,12.5,12.96,12.45,12.87,12.844312,36990100
30/8/16,13.04,13.23,12.97,13.09,13.063872,51893700
31/8/16,13.13,13.22,12.71,12.85,12.824352,61016100
1/9/16,12.97,13.09,12.76,13,12.974052,45370000
2/9/16,13.22,13.58,13.15,13.57,13.542914,57017000
5/9/16,13.79,13.93,13.73,13.83,13.802396,26292200
6/9/16,13.69,13.98,13.53,13.98,13.952096,42086900
8/9/16,14.07,14.29,13.96,14.22,14.191617,42797300
9/9/16,13.96,14.02,13.51,13.51,13.483034,43155300
12/9/16,13.32,13.95,13.27,13.95,13.922156,44141000
13/9/16,13.7,13.85,12.94,13.01,12.984033,64134000
14/9/16,13.15,13.36,12.97,13.11,13.083833,43932500
15/9/16,13.21,13.56,13.16,13.51,13.483034,42169100
16/9/16,13.34,13.42,13.16,13.16,13.133733,44651900
19/9/16,13.42,13.54,13.02,13.05,13.023952,51105500
20/9/16,13.45,13.63,13.33,13.5,13.473054,52063100
21/9/16,13.6,13.69,13.4,13.66,13.632734,61094100
22/9/16,13.89,14.09,13.84,14,13.972056,47574500
23/9/16,13.98,13.98,13.54,13.69,13.662675,53264300
26/9/16,13.59,13.69,13.39,13.4,13.373254,35545800
27/9/16,13.4,13.4,12.87,13.12,13.093813,58098200
28/9/16,13.3,13.85,13.12,13.85,13.822356,69032100
29/9/16,13.8,13.9,13.43,13.43,13.403194,53143200
30/9/16,13.53,13.77,13.44,13.57,13.542914,39275000
3/10/16,13.67,13.97,13.62,13.97,13.942117,34444500
4/10/16,13.98,14.12,13.83,14.02,13.992017,39717400
5/10/16,14.19,14.64,14.16,14.58,14.550899,65242200
6/10/16,14.71,15.1,14.62,15.1,15.069861,77003800
7/10/16,15.23,15.38,14.97,15.26,15.229542,71691000
10/10/16,15.52,15.77,15.51,15.73,15.698603,38724300
11/10/16,15.61,15.66,15.29,15.39,15.359282,69314500
13/10/16,15.19,15.82,15.03,15.76,15.728543,58212500
14/10/16,16.01,16.290001,15.98,16.26,16.227545,66150000
17/10/16,16.24,16.9,16.07,16.9,16.866268,75002000
18/10/16,17.209999,17.639999,17.18,17.42,17.385231,76995000
19/10/16,17.719999,17.790001,17.34,17.620001,17.584831,65212400
20/10/16,17.309999,17.74,17.219999,17.74,17.704592,62901500
21/10/16,17.65,18.09,17.48,17.950001,17.914173,47961800
24/10/16,18.26,18.43,18,18.200001,18.163673,51678900
25/10/16,18.219999,18.290001,17.709999,18,17.964073,57674100
26/10/16,17.700001,18.25,17.610001,18.1,18.063873,51424400
27/10/16,18.110001,18.49,18.09,18.09,18.053892,43645900
28/10/16,17.99,18.290001,17.950001,18.09,18.053892,37689700
31/10/16,18.030001,18.17,17.610001,17.690001,17.654692,42059100
1/11/16,17.879999,17.879999,16.559999,16.860001,16.826349,68718800
3/11/16,16.629999,17.030001,16.129999,16.129999,16.097803,56998700
4/11/16,16.469999,16.58,15.91,15.99,15.958084,61347700
7/11/16,16.709999,17.209999,16.709999,17.209999,17.175648,51625300
8/11/16,17.1,17.48,16.73,17.040001,17.005989,56241000
9/11/16,15.85,17.1,15.81,16.65,16.616766,111417100
10/11/16,17.1,17.18,15.5,15.5,15.469062,94683900
11/11/16,15.18,15.46,13.94,14.01,13.982037,129811400
14/11/16,13.8,14.18,13.33,14,13.972056,86623000
16/11/16,14.55,14.96,14.18,14.74,14.710579,77406600
17/11/16,15.15,15.32,14.29,14.29,14.261477,51535300
18/11/16,14.37,14.69,14.21,14.52,14.491019,55041300
21/11/16,15.05,15.58,14.88,15.58,15.548903,59122000
22/11/16,15.93,16.08,15.25,15.93,15.898205,58636100
23/11/16,15.72,15.99,15.53,15.85,15.818364,42490100
24/11/16,15.9,15.9,15.58,15.58,15.548903,14725000
25/11/16,15.25,15.52,15.05,15.3,15.269462,47630600
28/11/16,15.2,15.56,15.2,15.46,15.429142,38747500
29/11/16,15.3,15.38,14.59,14.66,14.630739,54075900
30/11/16,15.9,16.190001,15.61,16,15.968064,82547300
1/12/16,16,16.35,15.33,15.44,15.409182,66775400
2/12/16,15.12,15.91,14.75,15.83,15.798404,58381500
5/12/16,16.01,16.09,15.55,15.66,15.628743,47586500
6/12/16,16,16.200001,15.74,16.15,16.117765,63916700
7/12/16,16.299999,16.33,15.77,15.86,15.828343,50247400
8/12/16,15.97,16,15.52,15.7,15.668663,41104800
9/12/16,15.88,15.9,15.52,15.58,15.548903,37161200
12/12/16,15.79,15.95,15.48,15.6,15.568863,35436700
13/12/16,15.55,15.69,15.38,15.45,15.419162,33455000
14/12/16,15.43,15.47,14.74,14.74,14.710579,44215700
15/12/16,14.78,14.91,14.33,14.85,14.82036,43338800
16/12/16,14.9,15.14,14.76,14.76,14.730539,37876200
19/12/16,14.88,14.89,14.35,14.36,14.331337,39128600
20/12/16,14.46,14.59,14.1,14.35,14.321358,31810000
21/12/16,14.45,14.48,14.04,14.34,14.311378,32856800
22/12/16,14.46,14.46,14.01,14.01,13.982037,42240500
23/12/16,14.05,14.35,14.01,14.24,14.211577,21776900
26/12/16,14.32,14.45,14.27,14.42,14.391218,5734300
27/12/16,14.5,14.55,14.26,14.41,14.381238,14949200
28/12/16,14.43,14.81,14.36,14.78,14.750499,18979900
29/12/16,14.85,14.88,14.52,14.87,14.84032,18090600
2/1/17,14.64,14.7,14.6,14.66,14.630739,7525700
3/1/17,14.95,15.65,14.95,15.5,15.469062,39947800
4/1/17,15.45,15.68,15.31,15.5,15.469062,37071700
5/1/17,15.7,15.91,15.62,15.75,15.718563,47586300
6/1/17,15.78,15.92,15.5,15.66,15.628743,25592000
9/1/17,15.5,15.6,15.33,15.33,15.299401,25599000
10/1/17,15.6,15.68,15.39,15.48,15.449101,26239900
11/1/17,15.64,15.68,15.27,15.66,15.628743,34399300
12/1/17,16.15,16.25,15.9,15.9,15.868263,49890300
13/1/17,15.77,15.95,15.57,15.68,15.648704,34450000
16/1/17,15.7,15.75,15.58,15.75,15.718563,20069600
17/1/17,15.73,15.97,15.72,15.82,15.788424,28663300
18/1/17,15.8,15.93,15.71,15.79,15.758484,24725200
19/1/17,15.82,15.88,15.58,15.77,15.738523,21677600
20/1/17,15.84,16.190001,15.81,16,15.968064,34863500
23/1/17,15.94,16.09,15.79,15.99,15.958084,25139100
24/1/17,16.120001,16.43,15.97,16.040001,16.007986,49710600
26/1/17,16.15,16.190001,15.8,15.8,15.768464,37391900
27/1/17,15.73,15.87,15.54,15.62,15.588822,23275300
30/1/17,15.51,15.53,14.84,14.84,14.81038,26779500
31/1/17,14.99,15.37,14.9,15.02,14.990021,30807200
1/2/17,15.26,15.41,14.91,15.02,14.990021,35977000
2/2/17,14.99,15.28,14.86,14.89,14.86028,39306700
3/2/17,14.92,15.34,14.77,15.34,15.309381,40213400
6/2/17,15.38,15.47,14.95,14.96,14.93014,29686500
7/2/17,15.1,15.16,14.7,14.7,14.670659,29163900
8/2/17,14.77,15.1,14.27,15.1,15.069861,58912900
9/2/17,15.18,15.24,14.96,15.05,15.01996,33910300
10/2/17,15.2,15.63,15.14,15.58,15.548903,44467000
13/2/17,15.77,15.91,15.55,15.62,15.588822,36439100
14/2/17,15.74,15.95,15.56,15.82,15.788424,34417400
15/2/17,15.91,16.049999,15.78,15.84,15.808384,47953300
16/2/17,15.84,16.07,15.75,15.86,15.828343,37276900
17/2/17,15.74,15.9,15.6,15.61,15.578842,24866600
20/2/17,15.74,15.98,15.65,15.92,15.888224,33514000
21/2/17,16.1,16.23,16.040001,16.09,16.057884,33685800
22/2/17,16,16.02,15.57,15.7,15.668663,45255400
23/2/17,15.94,16.1,15.48,15.56,15.528943,41208700
24/2/17,15.35,15.47,15.1,15.18,15.149701,30412200
1/3/17,15.51,15.55,15.32,15.52,15.489023,25661000
2/3/17,15.44,15.45,14.99,15.11,15.079841,38490800
3/3/17,15.22,15.34,15.04,15.32,15.289421,24516800
6/3/17,15.11,15.47,15.04,15.1,15.069861,23325000
7/3/17,15.18,15.38,15.12,15.18,15.149701,30927300
8/3/17,15.16,15.18,14.55,14.55,14.520959,49300700
9/3/17,14.34,14.59,14.17,14.5,14.471058,46467600
10/3/17,14.72,14.88,14.24,14.31,14.281438,42454600
13/3/17,14.33,14.4,14.16,14.37,14.341317,28295100
14/3/17,14.07,14.1,13.59,13.59,13.562875,67172700
15/3/17,13.86,14.2,13.55,14.2,14.171657,55593200
16/3/17,14.26,14.32,13.68,13.71,13.682635,35362300
17/3/17,13.81,13.88,13.05,13.16,13.133733,81797400
20/3/17,12.98,13.67,12.91,13.6,13.572855,52351600
21/3/17,13.61,13.63,12.82,13,12.974052,46384300
22/3/17,13.2,13.72,13.03,13.66,13.632734,62807700
23/3/17,13.48,13.82,13.42,13.57,13.542914,36467200
24/3/17,13.7,13.77,13.34,13.48,13.453094,30084700
27/3/17,13.24,13.79,13.02,13.77,13.742516,32021200
28/3/17,13.9,14.11,13.77,13.95,13.922156,44850600
29/3/17,14.04,14.49,13.93,14.45,14.421158,43051400
30/3/17,14.55,14.64,14.35,14.45,14.421158,32928600
31/3/17,14.36,14.65,14.26,14.49,14.461078,33553000
3/4/17,14.54,14.75,14.53,14.67,14.640719,39427200
4/4/17,14.67,14.89,14.57,14.85,14.82036,24132000
5/4/17,15.05,15.16,14.5,14.57,14.540918,49920900
6/4/17,14.62,14.87,14.42,14.53,14.500998,34602700
7/4/17,14.61,14.9,14.6,14.7,14.670659,33024900
10/4/17,14.9,14.94,14.7,14.94,14.91018,37906000
11/4/17,14.97,14.99,14.55,14.68,14.6507,38593200
12/4/17,14.6,14.83,14.58,14.65,14.620758,42628900
13/4/17,14.65,14.69,14.08,14.08,14.051896,44572600
17/4/17,14.14,14.35,13.97,14.28,14.251497,46459500
18/4/17,14.15,14.37,13.95,14.1,14.071857,45349800
19/4/17,14.24,14.28,13.55,13.6,13.572855,41014100
20/4/17,13.8,13.9,13.63,13.88,13.852296,28227600
24/4/17,14.13,14.16,13.92,14.03,14.001996,27546200
25/4/17,13.9,14.34,13.8,14.34,14.311378,32268100
26/4/17,14.16,14.49,14,14,13.972056,37045000
27/4/17,13.99,14.03,13.56,13.73,13.702595,29078500
28/4/17,13.85,14.1,13.69,13.97,13.942117,31061200
2/5/17,14.06,14.34,13.85,13.99,13.962076,37830100
3/5/17,14.04,14.25,13.95,14.16,14.131737,38357600
4/5/17,14,14,13.58,13.6,13.572855,37695400
5/5/17,13.69,14.21,13.66,14.21,14.181637,32788100
8/5/17,14.13,14.35,13.98,14.08,14.051896,36464300
9/5/17,14.15,14.24,14.04,14.14,14.111777,28008600
10/5/17,14.34,14.75,14.31,14.73,14.700599,46271700
11/5/17,14.88,14.92,14.64,14.82,14.79042,29318000
12/5/17,15.5,15.58,15.35,15.45,15.419162,83518200
15/5/17,15.77,15.87,15.65,15.68,15.648704,46914700
16/5/17,15.77,15.78,15.52,15.7,15.668663,34469300
17/5/17,15.56,15.72,15.51,15.61,15.578842,30023400
18/5/17,12.45,14,12.45,13.15,13.123753,142924900
19/5/17,13.75,13.9,13.46,13.62,13.592814,70983900
22/5/17,13.35,13.51,13,13.4,13.373254,55014900
23/5/17,13.45,13.6,13.38,13.49,13.463074,48520100
24/5/17,13.75,14.09,13.69,14.05,14.021956,54065800
25/5/17,13.97,14.19,13.63,13.74,13.712575,45030800
26/5/17,13.47,13.79,13.4,13.68,13.652696,63326900
29/5/17,13.68,13.68,13.68,13.68,13.652696,0
30/5/17,13.55,13.64,13.36,13.36,13.333333,34663800
31/5/17,13.21,13.31,12.95,12.96,12.934133,45628800
1/6/17,13.16,13.29,12.82,12.82,12.794412,42873400
2/6/17,12.79,13.05,12.68,13.05,13.023952,43192600
5/6/17,12.96,13.24,12.92,13.18,13.153693,31419400
6/6/17,13.23,13.33,13.03,13.18,13.153693,35558700
7/6/17,13.28,13.34,12.81,12.87,12.844312,44355600
8/6/17,12.78,12.96,12.71,12.84,12.814372,27749200
9/6/17,12.96,13.1,12.83,12.85,12.824352,30382100
12/6/17,12.97,13.03,12.77,12.9,12.874251,30680700
13/6/17,12.95,13.02,12.77,12.94,12.914171,22891000
14/6/17,12.94,13.04,12.61,12.62,12.59481,67382800
15/6/17,12.62,12.62,12.62,12.62,12.59481,0
16/6/17,12.58,12.59,12.21,12.28,12.255489,73551400
19/6/17,12.31,12.47,12.22,12.29,12.26547,45926200
20/6/17,12.12,12.13,11.76,11.86,11.836328,54014700
21/6/17,11.95,12.12,11.59,11.64,11.616767,58778300
22/6/17,11.76,12.04,11.72,12.04,12.015968,42284600
23/6/17,12.11,12.15,11.87,11.93,11.906188,33601000
26/6/17,12.1,12.3,12.04,12.27,12.24551,42731300
27/6/17,12.34,12.48,12.13,12.21,12.185629,45097600
28/6/17,12.27,12.32,12.01,12.08,12.055888,32077400
29/6/17,12.26,12.3,12.09,12.18,12.155689,24380300
30/6/17,12.25,12.48,12.19,12.37,12.345309,29687600
3/7/17,12.28,12.41,12.22,12.36,12.335329,31542500
4/7/17,12.34,12.43,12.32,12.43,12.40519,12523500
5/7/17,12.38,12.52,12.12,12.21,12.185629,41958400
6/7/17,12.28,12.36,12.08,12.17,12.145709,51976900
7/7/17,12.13,12.17,11.85,11.93,11.906188,42677000
10/7/17,11.83,12.01,11.74,11.98,11.956088,21748800
11/7/17,11.95,12.45,11.9,12.33,12.305389,45500900
12/7/17,12.64,12.99,12.51,12.94,12.914171,66332200
13/7/17,12.96,13.04,12.8,12.87,12.844312,32983300
14/7/17,12.96,13.06,12.91,13.05,13.023952,35977500
17/7/17,13.03,13.05,12.87,12.89,12.864272,28118700
18/7/17,13,13.02,12.83,12.94,12.914171,19300700
19/7/17,13,13.27,12.97,13.23,13.203592,36513700
20/7/17,13.29,13.35,13.03,13.1,13.073853,30114300
21/7/17,13,13.04,12.67,12.69,12.664671,38738300
24/7/17,12.83,12.92,12.77,12.88,12.854292,16250400
25/7/17,13.01,13.25,13.01,13.22,13.193613,29930100
26/7/17,13.3,13.34,12.98,13.06,13.033933,29333000
27/7/17,13.05,13.17,13,13,12.974052,21825900
28/7/17,12.98,13.13,12.91,13.13,13.103793,20980200
31/7/17,13.22,13.31,13.07,13.29,13.263474,31397700
1/8/17,13.3,13.32,13.08,13.12,13.093813,22999400
2/8/17,13.13,13.61,13.08,13.51,13.483034,46342000
3/8/17,13.57,13.66,13.31,13.31,13.283434,31300700
4/8/17,13.41,13.48,13.26,13.4,13.373254,21560500
7/8/17,13.35,13.62,13.33,13.55,13.522955,29832200
8/8/17,13.5,13.69,13.46,13.49,13.463074,28907900
9/8/17,13.51,13.61,13.44,13.52,13.493014,26980300
10/8/17,13.6,13.66,13.15,13.19,13.163672,56194400
11/8/17,13.14,13.2,12.94,12.95,12.924151,43025100
14/8/17,12.98,13.22,12.91,13.08,13.053892,31607400
15/8/17,13.08,13.24,13.05,13.15,13.123753,24737300
16/8/17,13.3,13.38,13.1,13.13,13.103793,44946600
17/8/17,13.12,13.26,13.02,13.05,13.023952,23503300
18/8/17,13.16,13.6,13.16,13.6,13.572855,66263500
21/8/17,13.64,13.66,13.28,13.34,13.313374,40485900
22/8/17,13.7,13.87,13.64,13.79,13.762475,55240700
23/8/17,13.78,13.93,13.65,13.76,13.732535,47679700
24/8/17,13.78,13.89,13.68,13.8,13.772455,32300600
25/8/17,13.87,13.94,13.81,13.88,13.852296,24185600
28/8/17,13.93,14.03,13.76,13.87,13.842316,27208100
29/8/17,13.76,13.85,13.68,13.85,13.822356,27306400
30/8/17,13.79,13.9,13.44,13.45,13.423154,58871700
31/8/17,13.53,13.77,13.47,13.65,13.622754,82909400
1/9/17,13.85,14.19,13.82,14.02,13.992017,60260300
4/9/17,13.96,14.18,13.94,14.17,14.141717,18139300
5/9/17,14.57,14.65,14.23,14.41,14.381238,56476800
6/9/17,14.65,15.02,14.51,15.02,14.990021,68418200
7/9/17,15.02,15.02,15.02,15.02,14.990021,0
8/9/17,15.1,15.15,14.69,14.71,14.680639,36337400
11/9/17,14.88,15.05,14.81,14.99,14.96008,34915900
12/9/17,14.98,15.16,14.86,14.87,14.84032,49702800
13/9/17,14.94,15.1,14.81,15.03,15,37010200
14/9/17,15.03,15.26,15.02,15.04,15.00998,34413800
15/9/17,15.07,15.17,14.99,15.04,15.00998,47784700
18/9/17,15.02,15.19,14.98,15.04,15.00998,47601200
19/9/17,15.1,15.17,14.92,15.14,15.109781,35822100
20/9/17,15.25,15.88,15.07,15.87,15.838324,80267000
21/9/17,15.85,15.96,15.58,15.67,15.638723,46258800
22/9/17,15.6,15.8,15.43,15.69,15.658683,40928300
25/9/17,15.79,15.96,15.7,15.84,15.808384,36733200
26/9/17,15.86,15.9,15.56,15.56,15.528943,37874200
27/9/17,15.7,15.72,15.11,15.31,15.279442,41819300
28/9/17,15.37,15.5,15.22,15.34,15.309381,33829000
29/9/17,15.5,15.52,15.3,15.3,15.269462,28638300
2/10/17,15.19,15.4,15.06,15.4,15.369262,29826200
3/10/17,15.6,15.98,15.52,15.98,15.948104,50636700
4/10/17,15.9,15.94,15.65,15.66,15.628743,47798600
5/10/17,15.88,16.110001,15.85,15.9,15.868263,55361300
6/10/17,15.66,15.77,15.54,15.69,15.658683,41741300
9/10/17,15.61,15.89,15.59,15.89,15.858284,27904700
10/10/17,16.129999,16.190001,16.01,16.190001,16.157686,47066600
11/10/17,16.17,16.25,16.01,16.08,16.047905,40422100
12/10/17,16.08,16.08,16.08,16.08,16.047905,0
13/10/17,16.23,16.290001,16.059999,16.08,16.047905,24210000
16/10/17,16.16,16.26,16,16.120001,16.087826,44699700
17/10/17,16.139999,16.219999,16.07,16.129999,16.097803,25524800
18/10/17,16.219999,16.280001,16.129999,16.16,16.127745,25706200
19/10/17,16,16.16,15.9,16.15,16.117765,24672800
20/10/17,16.190001,16.389999,16.17,16.219999,16.187624,32417500
23/10/17,16.290001,16.290001,16.120001,16.200001,16.167665,29389900
24/10/17,16.290001,16.51,16.120001,16.51,16.477047,46249500
25/10/17,16.530001,16.73,16.450001,16.719999,16.686626,37608200
26/10/17,16.780001,16.889999,16.66,16.73,16.696608,37848300
27/10/17,16.77,17.09,16.65,17.030001,16.99601,45640100
30/10/17,16.969999,17.17,16.74,16.780001,16.746508,55355600
31/10/17,16.9,16.950001,16.719999,16.77,16.736528,32249000
1/11/17,16.99,17.1,16.879999,16.9,16.866268,38876600
2/11/17,16.9,16.9,16.9,16.9,16.866268,0
3/11/17,16.959999,17.01,16.68,16.940001,16.906189,32605400
6/11/17,17.049999,17.440001,16.98,17.43,17.39521,46056100
7/11/17,17.309999,17.35,16.5,16.5,16.467066,61098400
8/11/17,16.690001,16.950001,16.51,16.950001,16.916168,41179600
9/11/17,16.889999,16.940001,16.719999,16.719999,16.686626,29399400
10/11/17,16.709999,16.809999,16.51,16.719999,16.686626,35959400
13/11/17,16.690001,16.77,16.389999,16.639999,16.606787,28697700
14/11/17,16.639999,16.639999,15.28,15.35,15.319362,88765600
15/11/17,15.35,15.35,15.35,15.35,15.319362,0
16/11/17,15.62,16.040001,15.48,15.81,15.778444,42703800
17/11/17,15.92,16.120001,15.81,16.02,15.988025,38376900
20/11/17,16.02,16.02,16.02,16.02,15.988025,0
21/11/17,16.15,16.309999,15.85,15.9,15.868263,45817800
22/11/17,16.09,16.24,15.93,16.110001,16.077845,37444900
23/11/17,15.98,16.26,15.94,16.190001,16.157686,15403600
24/11/17,16.25,16.370001,16.040001,16.1,16.067865,18790700
27/11/17,16.01,16.02,15.78,15.87,15.838324,28445800
28/11/17,15.93,16.040001,15.81,15.84,15.808384,30429600
29/11/17,15.87,15.92,15.32,15.33,15.299401,45973000
30/11/17,15.3,15.47,14.99,15.38,15.349302,52811400
1/12/17,15.34,15.77,15.26,15.61,15.578842,42703800
4/12/17,15.65,15.8,15.46,15.48,15.449101,43821500
5/12/17,15.5,15.83,15.21,15.31,15.279442,30228000
6/12/17,15.22,15.7,15.14,15.52,15.489023,39238500
7/12/17,15.3,15.49,15.07,15.26,15.229542,37281400
8/12/17,15.51,15.68,15.35,15.35,15.319362,39584500
11/12/17,15.48,15.57,15.37,15.38,15.349302,21281600
12/12/17,15.36,15.49,15.18,15.49,15.459082,36201200
13/12/17,15.65,15.68,15.11,15.18,15.149701,46828900
14/12/17,15.1,15.31,15,15.01,14.980041,37177300
15/12/17,15.05,15.24,14.95,14.95,14.92016,55668300
18/12/17,15.16,15.33,15.13,15.22,15.189621,42760400
19/12/17,15.18,15.25,15.06,15.14,15.109781,22639700
20/12/17,15.21,15.3,15.17,15.24,15.209581,20149700
21/12/17,15.31,15.87,15.3,15.86,15.828343,47219400
22/12/17,15.75,15.89,15.69,15.75,15.718563,18708500
25/12/17,15.75,15.75,15.75,15.75,15.718563,0
26/12/17,15.75,15.99,15.69,15.97,15.938125,22173100
27/12/17,15.99,16.139999,15.98,16.049999,16.017963,23552200
28/12/17,16.1,16.129999,16,16.1,16.067865,19011500
29/12/17,16.1,16.1,16.1,16.1,16.067865,0
2/1/18,16.190001,16.549999,16.190001,16.549999,16.516966,33461800
3/1/18,16.49,16.719999,16.370001,16.700001,16.666668,55940900
4/1/18,16.780001,16.959999,16.620001,16.73,16.696608,37064900
5/1/18,16.700001,16.860001,16.57,16.83,16.796408,26958200
8/1/18,16.74,17.030001,16.709999,17.030001,16.99601,28400000
9/1/18,17.030001,17.16,16.959999,17.030001,16.99601,35070900
10/1/18,16.92,17.049999,16.77,16.799999,16.766466,28547700
11/1/18,16.879999,17.299999,16.84,17.25,17.215569,37921500
12/1/18,17.040001,17.41,17.02,17.299999,17.265469,45912100
15/1/18,17.32,17.440001,17.15,17.35,17.315371,28945400
16/1/18,17.35,17.84,17.299999,17.65,17.614771,58618300
17/1/18,17.92,18.360001,17.809999,18.360001,18.323355,58488900
18/1/18,18.35,18.530001,17.93,18.219999,18.183632,48575800
19/1/18,18.309999,18.42,18.030001,18.26,18.223553,33470200
22/1/18,18.26,18.469999,18.09,18.469999,18.433134,33920000
23/1/18,18.4,18.459999,18,18.24,18.203592,35567700
24/1/18,18.42,19.629999,18.42,19.34,19.301397,89768200
25/1/18,19.34,19.34,19.34,19.34,19.301397,0
26/1/18,19.620001,19.98,19.1,19.93,19.890221,81989500
29/1/18,19.67,20.049999,19.57,19.85,19.810381,55726200
30/1/18,19.77,19.77,19.360001,19.49,19.451097,46203000
31/1/18,19.74,19.93,19.68,19.700001,19.660681,41576600
1/2/18,19.76,20.620001,19.76,20.52,20.479042,51950200
2/2/18,20.299999,20.42,19.85,19.969999,19.93014,50657800
5/2/18,19.65,19.969999,19.040001,19.040001,19.001997,62268600
6/2/18,18.66,19.99,18.620001,19.99,19.9501,74146500
7/2/18,19.969999,20.219999,19.360001,19.440001,19.401199,61910300
8/2/18,19.549999,19.74,18.799999,19.049999,19.011976,51115100
9/2/18,19.030001,19.389999,18.51,18.77,18.732536,68727600
14/2/18,19.01,19.360001,18.959999,19.25,19.211576,43402800
15/2/18,19.5,19.540001,19.17,19.4,19.361279,31978000
16/2/18,19.459999,19.58,19.309999,19.42,19.381239,34736300
19/2/18,19.549999,20.1,19.549999,20.049999,20.009979,40925500
20/2/18,19.879999,20.82,19.82,20.440001,20.399202,67418700
21/2/18,20.59,20.879999,20.25,20.25,20.209581,55678400
22/2/18,20.59,20.82,20.540001,20.74,20.698603,38170900
23/2/18,20.950001,21.139999,20.620001,21.120001,21.077847,55755600
26/2/18,21.4,21.690001,21.379999,21.52,21.477047,48160500
27/2/18,21.469999,21.85,21.34,21.5,21.457087,42912500
28/2/18,21.629999,21.77,21.18,21.459999,21.417166,66229400
1/3/18,21.4,21.459999,20.76,21.030001,20.988026,66380900
2/3/18,20.700001,21.51,20.51,21.51,21.467066,52682900
5/3/18,21.49,22.17,21.360001,22.120001,22.07585,54242600
6/3/18,22.5,22.629999,21.860001,21.9,21.856287,57240800
7/3/18,21.690001,21.969999,21.370001,21.67,21.626747,50956600
8/3/18,21.85,21.879999,21.32,21.700001,21.656689,36156800
9/3/18,21.780001,22.389999,21.59,22.389999,22.34531,45560000
12/3/18,22.540001,22.59,22.23,22.33,22.285429,32363900
13/3/18,22.450001,22.540001,22.059999,22.110001,22.06587,34732800
14/3/18,22.299999,22.440001,22.09,22.379999,22.335329,31947600
15/3/18,22.049999,22.18,21.309999,21.309999,21.267466,81097800
16/3/18,21.469999,21.74,21.23,21.43,21.387226,57891900
19/3/18,21.27,21.360001,20.860001,20.93,20.888224,42218400
20/3/18,21.18,21.41,21.110001,21.16,21.117765,30106800
21/3/18,21.25,22.09,21.200001,22.049999,22.005987,53106300
22/3/18,21.860001,22.040001,21.58,21.719999,21.676647,50033300
23/3/18,21.610001,22.110001,21.530001,21.75,21.706587,52815800
26/3/18,22.07,22.200001,21.84,22.030001,21.986029,30174900
27/3/18,22.139999,22.18,21.370001,21.440001,21.397207,43568100
28/3/18,21.26,21.41,20.99,21.200001,21.157686,38539300
29/3/18,21.26,21.559999,21.23,21.41,21.367266,34318800
2/4/18,21.360001,21.459999,20.77,20.9,20.858284,37275000
3/4/18,21.110001,21.190001,20.66,20.709999,20.668663,39245800
4/4/18,20.309999,20.6,20.110001,20.379999,20.339321,58475700
5/4/18,21.15,21.33,21.030001,21.15,21.107784,88599000
6/4/18,20.98,21.280001,20.83,21.280001,21.237526,47908900
9/4/18,21.43,21.440001,20.530001,20.530001,20.489023,44248900
10/4/18,20.91,21.51,20.76,21.4,21.357286,58545100
11/4/18,21.35,21.9,21.33,21.799999,21.756487,62378300
12/4/18,21.790001,21.940001,21.68,21.68,21.636728,36238700
13/4/18,21.639999,21.74,21.059999,21.200001,21.157686,43347800
16/4/18,21.049999,21.24,20.6,20.620001,20.578844,48474200
17/4/18,20.700001,21.08,20.620001,21.030001,20.988026,36570400
18/4/18,21.35,21.870001,21.309999,21.799999,21.756487,65237400
19/4/18,22.07,22.4,21.93,22.200001,22.155689,62475200
20/4/18,22.059999,22.459999,21.9,22.360001,22.315371,61494800
23/4/18,22.09,22.48,21.940001,22.48,22.435129,37023300
24/4/18,22.6,22.77,22.23,22.4,22.355289,46710300
25/4/18,22.01,22.129999,21.67,21.73,21.686626,68160600
26/4/18,22,22.629999,21.969999,22.629999,22.584829,56674700
27/4/18,22.84,22.93,22.66,22.709999,22.664671,37858300
30/4/18,22.73,23.02,22.629999,22.969999,22.924152,23681500
2/5/18,22.67,22.93,22.51,22.6,22.554892,31778100
3/5/18,22.540001,22.639999,21.969999,22.450001,22.405191,48855700
4/5/18,22.450001,22.639999,22.27,22.27,22.22555,33599400
7/5/18,22.57,23.17,22.49,22.65,22.60479,47815100
8/5/18,23.059999,23.15,22.52,22.91,22.864271,81198700
9/5/18,23.299999,24.799999,23.219999,24.780001,24.730541,118032300
10/5/18,25.139999,26.49,24.92,25.75,25.698603,126907200
11/5/18,25.83,26.309999,25.42,25.440001,25.389223,72996400
14/5/18,25.85,26.48,25.809999,26.24,26.187626,66938700
15/5/18,26.35,26.9,25.889999,26.790001,26.736528,75230200
16/5/18,26.870001,27.530001,26.84,27.389999,27.335329,64486500
17/5/18,27.35,27.6,25.469999,25.950001,25.898205,112487000
18/5/18,25.01,26.17,24.959999,25.65,25.598803,83206900
21/5/18,26.1,26.290001,24.940001,25.049999,25,75971900
22/5/18,24.809999,25.290001,24.15,24.709999,24.709999,88109900
23/5/18,24.23,24.48,23.27,23.27,23.27,74622500
24/5/18,20.049999,20.75,19.65,20.08,20.08,240343800
25/5/18,20.65,21.27,19.66,19.799999,19.799999,131188100
28/5/18,19.200001,19.200001,16.91,16.91,16.91,134504900
29/5/18,18,19.440001,17.6,19.299999,19.299999,181509800
30/5/18,18.389999,19.969999,18.129999,18.98,18.98,125430000
1/6/18,19.559999,19.75,14.9,16.16,16.16,216954700
4/6/18,17.290001,17.639999,17.049999,17.530001,17.530001,93547600
5/6/18,17.360001,17.799999,16.59,16.59,16.59,67006400
6/6/18,16.469999,16.68,15.87,16.33,16.33,69496800
7/6/18,16,16.16,14.93,15.76,15.76,118752700
8/6/18,15.81,16.190001,15.06,15.25,15.25,91461500
11/6/18,15.5,15.8,15.13,15.41,15.41,44872500
12/6/18,15.48,15.68,15.24,15.46,15.46,69592600
13/6/18,15.42,15.5,14.74,15.17,15.17,72301200
14/6/18,15.33,15.55,15.05,15.1,15.1,57324600
15/6/18,15.03,15.07,14.47,14.97,14.97,75239300